y_true,y_pred_naive,y_pred_linear_raw,y_pred_linear_log_back,y_pred_rf
33561137.0,80014009.89042166,110976164.7473335,7491052.007800813,49037943.88666666
5.0,80014009.89042166,-45216780.71326275,26.751279494171463,6215293.82
5108820.0,80014009.89042166,-23056245.91090025,154894.43869022967,16607850.586666666
96408652.0,80014009.89042166,77957131.4786418,21699116.989687737,71325275.1
933959197.0,80014009.89042166,728324109.0713243,4305429661.865533,899530567.25
171183863.0,80014009.89042166,166996314.1114269,385181044.66401505,174283831.56333333
0.0,80014009.89042166,-10940295.859319955,103730.80500085177,10313584.106666667
330444045.0,80014009.89042166,186176056.3085947,323845636.54480237,265751294.97666666
14899417.0,80014009.89042166,24564977.87683074,704952.7904382028,14865335.896666666
107559.0,80014009.89042166,-40338124.03328718,4473.811085609918,1864777.7
0.0,80014009.89042166,-4967864.3411540985,-0.0761641105681801,15406.71
14618727.0,80014009.89042166,-4096419.1059958786,634243.9477478083,9204042.04
0.0,80014009.89042166,17727713.440042302,178164.55956576124,14914560.316666666
28262574.0,80014009.89042166,167041141.6599214,71806131.08027211,66146187.8
261930431.0,80014009.89042166,293124111.9310879,1371942436.5748289,255720681.25666666
211989043.0,80014009.89042166,175064483.85778564,20859389.02210566,119087526.40333334
0.0,80014009.89042166,-24761186.789961293,164570.3376985533,8351122.903333333
0.0,80014009.89042166,2778643.2498385906,3.383962701982555,510340.64666666667
11301649.0,80014009.89042166,10933721.475319073,40380.73937298511,6757377.503333333
0.0,80014009.89042166,32997606.987272114,2716061.7845688486,30725453.266666666
0.0,80014009.89042166,9014776.782092437,1393867.400245142,10542499.95
67631903.0,80014009.89042166,87759524.95543762,26005188.314283334,84246788.19666667
0.0,80014009.89042166,-28068810.479903743,0.5307455005175541,128778.31666666667
60722734.0,80014009.89042166,197625220.26142788,33015663.81632597,114252484.48
55247881.0,80014009.89042166,90964750.35717887,23013018.47143927,92876902.81666666
133432856.0,80014009.89042166,69403011.6876439,5826165.576875907,66793938.443333335
0.0,80014009.89042166,7525545.083448261,436.2756150509221,219463.23333333334
33956608.0,80014009.89042166,79744580.2585918,2239054.837718355,30171121.543333333
3533227.0,80014009.89042166,7950507.384610727,507601.89926363085,31052804.643333334
149217355.0,80014009.89042166,136852685.53133863,17568442.453284245,114799618.19666667
0.0,80014009.89042166,10356570.057327405,35.438099954073586,3221099.3666666667
9237470.0,80014009.89042166,-14261416.867610574,146580.78534388077,13316475.893333333
180949000.0,80014009.89042166,366444910.2371012,302185422.59256417,248103223.63
876302.0,80014009.89042166,-15415447.067381084,49.89885917073296,474391.14666666667
28258060.0,80014009.89042166,81589054.09093058,15935749.23756304,66046174.336666666
5321508.0,80014009.89042166,121661957.00919013,344473608.7427537,151269020.36
372234864.0,80014009.89042166,402071850.4989538,1141085114.094667,283393546.2966667
154984035.0,80014009.89042166,130929464.18745467,67947409.59205905,150818582.96333334
15000000.0,80014009.89042166,34836203.203040145,568268.3938695156,32723551.97
140987.0,80014009.89042166,25725259.03983087,-0.8194336921303812,289051.11
459359555.0,80014009.89042166,523491729.0297117,584267648.8859245,605087401.89
117235147.0,80014009.89042166,148052657.31668603,142774162.64696681,142820876.40333334
53187659.0,80014009.89042166,99971257.89756542,33453600.34746396,150150260.24
623933331.0,80014009.89042166,756027396.5517045,862169524.08059,718614145.3266667
1001437.0,80014009.89042166,-3588154.2472078055,2483.7331475074434,943308.3233333334
563749323.0,80014009.89042166,289342596.91507816,45377671.92614719,280276747.20666665
37402877.0,80014009.89042166,38244021.27173632,3936677.239907795,33353749.553333335
0.0,80014009.89042166,1880956.6789972037,285913.51242599747,10341130.73
146936910.0,80014009.89042166,220688889.39933014,83341983.14369242,216993318.96
14796236.0,80014009.89042166,8643020.051054329,103.25216235949235,947091.31
0.0,80014009.89042166,-18006587.647562116,16.00725015001467,3769414.7533333334
19351569.0,80014009.89042166,15311755.631555468,1057322.331729681,14977811.533333333
9000000.0,80014009.89042166,22765201.363357022,540962.1102057386,7473513.1466666665
0.0,80014009.89042166,164256872.3942994,120130486.69968219,182876380.74666667
0.0,80014009.89042166,37810571.661389194,-0.02062677204300723,224808.0
0.0,80014009.89042166,98326485.62678114,7748448.245740084,28110357.006666668
104876233.0,80014009.89042166,128785065.99914892,116103275.70872405,147373157.11
39514713.0,80014009.89042166,84337187.47594227,19348140.346555606,116694849.09666666
0.0,80014009.89042166,-8756462.194642186,361.5531180714154,530226.34
34416893.0,80014009.89042166,71595600.33343229,7372772.474235217,57453011.93
0.0,80014009.89042166,687364.1550835371,0.6245722282629873,20918.806666666667
55184721.0,80014009.89042166,4198661.589369357,25766.27033052357,7765856.72
13129846.0,80014009.89042166,73004717.97597767,39665420.96949275,71116625.96666667
11947954.0,80014009.89042166,37778078.694962144,2596822.30328474,37294357.03
272912430.0,80014009.89042166,321832205.08267885,90849978.67946571,251764414.06
38748395.0,80014009.89042166,74206522.37465693,3674086.577910516,75797049.52666667
147845033.0,80014009.89042166,85962280.73021261,13130047.391611334,104034382.95
3200000.0,80014009.89042166,-6732637.295917571,1068984.1700118256,12118619.66
0.0,80014009.89042166,-33833683.674281344,-0.5021401151150957,68797.10333333333
37311672.0,80014009.89042166,36465153.38146067,2455709.409232044,44742972.61333334
0.0,80014009.89042166,30709743.386216536,1165610.9839414982,29710115.303333335
0.0,80014009.89042166,-11518569.08628717,1.119364988666896,729621.4233333333
85167639.0,80014009.89042166,108725904.59741634,189153207.85914806,114274635.78666666
2611555.0,80014009.89042166,1604480.1759247482,2.197946209720083,1714937.0766666667
31912793.0,80014009.89042166,29333397.828249916,4251300.842587768,43571984.12
0.0,80014009.89042166,5240044.737523958,-0.9362052009784141,997429.62
0.0,80014009.89042166,2196824.550638303,1.7131571149504858,37196.88333333333
0.0,80014009.89042166,-6213421.065080911,732933.2315375892,18478746.46
0.0,80014009.89042166,38337287.89416188,14305691.857440088,59812607.32333333
52424533.0,80014009.89042166,45862445.94397181,385796.57736419706,30416219.786666665
0.0,80014009.89042166,-2978068.2327787876,9.346473899760433,1022417.3066666666
0.0,80014009.89042166,-12662121.40989232,-0.9088979553124572,70794.90666666666
98159963.0,80014009.89042166,156874257.409147,45359948.491292365,164412686.26666668
39459427.0,80014009.89042166,131983034.33858286,23210175.33425132,63542758.306666665
120000.0,80014009.89042166,675430.1572878212,1032260.4347475346,19247070.166666668
0.0,80014009.89042166,-26604926.878513828,9.162711880015355,453346.64
0.0,80014009.89042166,-12308736.282866016,3.4515487202259756,121589.71333333333
68696770.0,80014009.89042166,79157173.1444141,8866630.607883865,76651056.99666667
60874615.0,80014009.89042166,122692621.69616374,22884945.556709,93384994.42
0.0,80014009.89042166,-1839333.9025773555,-0.2416907625313126,864748.84
60000000.0,80014009.89042166,115675138.74398267,18380689.90051264,61573534.64666667
14110013.0,80014009.89042166,52196674.38274509,953965.2805428156,15988967.656666666
6491240.0,80014009.89042166,45272686.561895035,3609133.0374654997,26825167.44333333
960973999.9999994,80014009.89042166,799517052.6861401,1792790030.671257,824800541.02
0.0,80014009.89042166,37479925.99552023,893346.684174632,27259565.126666665
655011224.0,80014009.89042166,749902147.0832756,1899723132.5003963,838150933.27
62172050.0,80014009.89042166,126757894.54177174,2468672.9751030356,42573172.60666667
13060843.0,80014009.89042166,55276643.06300154,6532192.736413007,75391496.78
0.0,80014009.89042166,19329119.994006008,2.43131388226713,723078.92
38376497.0,80014009.89042166,13748878.49614159,3566619.614914321,26269059.066666666
0.0,80014009.89042166,-14842337.655265957,33.67737795902752,755344.6566666666
69307224.0,80014009.89042166,29255094.290984266,5072165.735418851,38740523.92666667
0.0,80014009.89042166,-17137374.961525902,0.9390998286412078,11911.046666666667
1270522.0,80014009.89042166,231772248.53411484,28946940.98284992,99990808.63333334
0.0,80014009.89042166,5952228.603787422,2.003917384416091,530625.5166666667
10166502.0,80014009.89042166,100311167.26843399,3853699.2619151715,25079368.393333334
0.0,80014009.89042166,-8949634.084273934,2.20536002261347,899824.0533333333
0.0,80014009.89042166,4342123.630075261,-0.9566952425187717,110808.06333333334
140767956.0,80014009.89042166,330498217.7091726,2736848216.644663,214982655.03333333
5217498.0,80014009.89042166,28964980.750269495,19633.687799667576,3049695.4066666667
77712439.0,80014009.89042166,103221036.51965252,3389647.5041410336,57802548.45666666
0.0,80014009.89042166,-18275979.772663325,9010.244349787323,4254977.803333334
11502151.0,80014009.89042166,-9817051.99578388,77214.16054928348,17091282.62
91036760.0,80014009.89042166,26742314.98960098,6735576.220648001,62200523.88666666
0.0,80014009.89042166,899998530.225085,3.291843708235646e+51,7431063.626666667
0.0,80014009.89042166,17348989.36694026,313.3034854106081,14592191.656666666
0.0,80014009.89042166,307350.0302512497,10.652899261376229,514471.3466666667
4037782.0,80014009.89042166,-2392190.9346342087,2.834501999968363,123192.67
0.0,80014009.89042166,-7302705.529382631,4.8027237040970405,12060232.636666667
64626786.0,80014009.89042166,27059744.092502005,1107984.7397769531,52077661.59
46216641.0,80014009.89042166,125454550.27410868,59633832.38629426,127527196.25333333
159212469.0,80014009.89042166,162027933.72296977,36192434.07443718,106677364.33333333
123509.0,80014009.89042166,1511007.9642229825,236.04310815174327,5129627.693333333
28883511.0,80014009.89042166,87435170.12958074,6611302.535519023,63320225.446666665
0.0,80014009.89042166,44927367.09241219,150.23094917288915,3369180.55
0.0,80014009.89042166,17708712.908457503,425.83174766435013,22882214.05
10000.0,80014009.89042166,-12584509.639269426,522.6288599278614,280262.30666666664
425368238.0,80014009.89042166,657897136.2696171,126609577.5656564,753862277.2066667
275293450.0,80014009.89042166,190724908.89232695,438120064.998881,150382587.83333334
0.0,80014009.89042166,1146920.4659424126,959393.4784024043,8964762.766666668
0.0,80014009.89042166,-13361584.569847375,-0.6956780966409961,2166821.816666667
52826594.0,80014009.89042166,73080366.5180592,13092627.550244208,63784111.64333333
0.0,80014009.89042166,37822665.723272175,4.693555767688349,6290409.98
264105545.0,80014009.89042166,208520415.73814052,98744758.00483756,279662759.74
19800000.0,80014009.89042166,38359386.69299628,724233.1993851406,21949681.403333332
0.0,80014009.89042166,-21643704.67812203,14957.691477810671,1417973.5666666667
3166000.0,80014009.89042166,-2301091.864536166,15420.472668896662,3308701.92
179265204.0,80014009.89042166,174258998.29384357,330528789.43895614,207538941.34666666
0.0,80014009.89042166,-27369695.471991256,62.89342523040452,1880007.6433333333
0.0,80014009.89042166,-1637691.9863394797,-0.8919713457717462,121318.52
52970014.0,80014009.89042166,43548043.24980866,3668148.253081363,36243164.28333333
114830111.0,80014009.89042166,78798575.76316495,41355618.37211106,93222815.62333333
119940815.0,80014009.89042166,107117227.7352467,29132350.448659122,84485832.02333333
0.0,80014009.89042166,4441598.640881121,-0.7879225105467376,330345.96
22889018.0,80014009.89042166,-51846547.0827257,157784.92594738316,15735452.303333333
301000000.0,80014009.89042166,324002285.60759157,438387560.2541012,281830270.3333333
0.0,80014009.89042166,-17110712.375274554,303476.2464853384,10464042.736666666
119500000.0,80014009.89042166,25191063.616725318,30300433.01440545,52318195.336666666
0.0,80014009.89042166,68772950.60698727,283631.92545820435,31951689.35333333
232617430.0,80014009.89042166,276185584.88853586,90893172.22258344,340266093.07666665
0.0,80014009.89042166,14645885.886708722,14.930723503020573,59572.95
50877145.0,80014009.89042166,149652300.17407668,3161565.03340634,62812120.153333336
196397415.0,80014009.89042166,151669024.0804693,65106286.01481276,113136137.68666667
98837872.0,80014009.89042166,136007137.36201623,40991850.64620127,106871533.96666667
60000000.0,80014009.89042166,27702251.03641524,592663.6277422914,31175707.373333335
57469467.0,80014009.89042166,48950323.05885989,5471429.566533568,78023640.82666667
275650703.0,80014009.89042166,181832140.09400758,163090354.5067773,192299833.46666667
691210692.0,80014009.89042166,605540453.2466226,42013079.52652415,574084132.7066667
0.0,80014009.89042166,16865519.716441654,-0.6355091637014783,797439.3933333333
170877916.0,80014009.89042166,278339930.72138894,172156309.61464798,312578158.54333335
0.0,80014009.89042166,1521972.37168625,-0.10058286662852088,0.17
0.0,80014009.89042166,-864334.9166802466,80985.94403831202,6533583.98
0.0,80014009.89042166,29219341.506485835,738837.3823459764,39812436.99333333
258384.0,80014009.89042166,10204782.393235281,688.044108027102,10177569.833333334
0.0,80014009.89042166,29015386.057897136,204.40422965584898,5946128.483333333
62548947.0,80014009.89042166,-15682811.350188717,380988.662210101,17450356.963333335
23000000.0,80014009.89042166,94967639.75911225,122577302.45030983,151752990.68666667
0.0,80014009.89042166,68259415.80934307,2303796.3582527777,27134344.466666665
124305181.0,80014009.89042166,82955711.66123565,27838000.686905853,84499126.7
478207520.0,80014009.89042166,339993138.68568105,206512186.18577984,456117022.77666664
140666.0,80014009.89042166,-8492868.277360842,2189.667127026482,1590595.72
200804534.0,80014009.89042166,185071704.69208091,176170183.9449212,147975548.82
60328000.0,80014009.89042166,44317065.04737405,1884.6302626736276,54631969.013333336
0.0,80014009.89042166,52798730.09501898,1543100.297535399,38723891.03333333
42664410.0,80014009.89042166,17239897.39019458,458138.2089898117,9995536.633333333
373552094.0,80014009.89042166,374993177.5216293,377065562.23718053,346165074.96
315156409.0,80014009.89042166,171350972.07221833,220579601.39333358,182996962.01666668
268031828.0,80014009.89042166,386215110.94666505,481866872.1686711,371804262.8666667
7563728.0,80014009.89042166,24883650.809084877,6461048.100170796,74330381.80666667
8203235.0,80014009.89042166,69329284.21298914,7256543.407443657,53592417.596666664
159330280.0,80014009.89042166,96575219.94535883,32287719.787621833,115953638.30333333
59418613.0,80014009.89042166,156012016.30115145,46403403.59677024,110733212.5
251171807.0,80014009.89042166,230802376.79519826,33171259.170749877,160683399.01666668
0.0,80014009.89042166,5896741.95019801,3.151647518740477,0.17
748453.0,80014009.89042166,-14396136.516045466,245003.62005231486,22364353.623333335
312573423.0,80014009.89042166,347198652.96210545,338610450.07609653,374286214.2266667
0.0,80014009.89042166,19056623.65072684,-0.7196711942453828,237241.18666666668
161001698.0,80014009.89042166,57863703.33454312,19395479.648745336,92158829.68
453079.0,80014009.89042166,-6570323.181025907,15868.369181988208,2122278.36
2451545.0,80014009.89042166,-1626403.045941949,42833.295658393065,3598822.493333333
0.0,80014009.89042166,74366331.60129322,2189999.8042181884,35154994.373333335
9172000.0,80014009.89042166,49057268.47618838,119201.9427261292,11921192.503333334
0.0,80014009.89042166,-13198461.751804873,1.665341993429866,1.02
85446075.0,80014009.89042166,48340843.192888126,2359530.0517467386,51973389.03666667
16872671.0,80014009.89042166,40543318.643637575,622882.6996693149,23221089.4
960973999.9999994,80014009.89042166,833009904.9141269,1304731880.2775002,896236900.9433334
0.0,80014009.89042166,18053282.009220064,0.6644199518594784,194777.83666666667
25836616.0,80014009.89042166,119602425.11948153,32029260.53661238,131509167.94
27187375.0,80014009.89042166,66250179.11017862,156576.3070529164,11332721.846666666
205405498.0,80014009.89042166,82150331.64023319,25735190.264724094,166184117.77
18552460.0,80014009.89042166,51864248.696460634,27179141.80918333,108396985.42666666
17671101.0,80014009.89042166,27623954.5021542,741.6366947278322,41573223.156666666
29392418.0,80014009.89042166,-7456911.274988696,46824.336643365714,6478040.87
85564310.0,80014009.89042166,54975900.26551157,4579318.136928835,63186815.81666667
0.0,80014009.89042166,72958455.62732074,22059233.402466577,55152756.42666667
171269535.0,80014009.89042166,124052087.92349234,202468018.76818782,116759160.39333333
1296184.0,80014009.89042166,7750816.5666882545,55814.974234345864,6590444.57
44287131.0,80014009.89042166,33670469.75433443,6111716.171545502,38090211.39666667
3076820.0,80014009.89042166,-10172377.215146437,127767.6859213992,4494101.746666667
64572262.0,80014009.89042166,95835495.6329297,25013779.94584942,122447549.21666667
0.0,80014009.89042166,14274134.15322107,1604747.91098639,28935631.19
754249.0,80014009.89042166,39330918.255768605,1238495.129986558,42238590.67333333
0.0,80014009.89042166,2058841.1467535496,7.520136345127785,228860.7
18720175.0,80014009.89042166,70129484.61704847,2129568.5805192166,33837337.763333336
382946.0,80014009.89042166,-23709818.20779513,385024.06578558875,27075062.113333333
39723096.0,80014009.89042166,274451415.1397019,99696331.92597954,143008077.76
433013274.0,80014009.89042166,314856674.601292,578378419.1590335,308455975.75333333
6614280.0,80014009.89042166,48420305.70116354,119784.75672084221,10460278.803333333
43101594.0,80014009.89042166,79157450.95732108,94986917.28822091,83596755.61
2945600.0,80014009.89042166,28087290.902681418,216594.84783532686,5423850.786666667
93282604.0,80014009.89042166,94506340.96836,14875810.894502431,83752762.23
75000000.0,80014009.89042166,94467987.39779261,11566729.850297319,46194443.77
76669806.0,80014009.89042166,60717156.590433255,13483021.426214118,102055627.94666667
0.0,80014009.89042166,-8510168.827512592,16.004466662784164,268505.24333333335
343397247.0,80014009.89042166,225047133.99333048,79399107.78227626,273753647.78
24261569.0,80014009.89042166,66911157.545730755,7473718.795016482,59956299.873333335
25052000.0,80014009.89042166,76303913.3454007,18498085.727364846,67096948.53333333
0.0,80014009.89042166,12393983.319363266,107.77250164875187,1498684.7566666666
0.0,80014009.89042166,-6750063.051534966,-0.9693295100095328,56108.16
44000000.0,80014009.89042166,32977971.666292958,482.81800625439166,19740410.89
0.0,80014009.89042166,-3683476.992380053,21.231601546421636,1181279.39
306776732.0,80014009.89042166,90512382.68509457,10434300.419629091,118810880.30333333
325771424.0,80014009.89042166,249758843.8893199,410197452.6917593,182631436.00333333
333932083.0,80014009.89042166,448298835.01437265,695499491.7239112,619537702.7233334
171844840.0,80014009.89042166,145905449.00783435,298779421.5461089,101847914.18666667
368875760.0,80014009.89042166,151269329.07033706,255271671.32192957,232831118.39666668
185770160.0,80014009.89042166,427605267.2667521,808346287.1037709,357233073.56666666
2062066.0,80014009.89042166,-31034937.604033753,74545.68108182738,7751838.69
156835339.0,80014009.89042166,104407986.84360242,37283279.24254862,129172987.50666666
5000000.0,80014009.89042166,25518424.40107418,46043.89007380133,15895371.85
0.0,80014009.89042166,10151001.624009833,999.0135697946071,3721737.69
20908467.0,80014009.89042166,35935436.94998421,2925843.1796672028,30856993.506666668
15938065.0,80014009.89042166,27774948.64210953,1541093.6775628675,18489222.493333332
0.0,80014009.89042166,-15248114.687310383,21200.730969206164,1472928.3366666667
649398328.0,80014009.89042166,434118241.9013196,476023352.12723434,670930993.5366666
15436808.0,80014009.89042166,51725744.805098996,5312070.804594901,52749626.46333333
74608570.0,80014009.89042166,77899455.78085454,624265.0504409437,29080939.996666666
0.0,80014009.89042166,6219412.294793323,11.861966623505335,1071244.52
0.0,80014009.89042166,-8244155.584811911,328034.28118247126,6511885.62
33456317.0,80014009.89042166,-17682758.878831327,36564.08704644455,924006.7033333334
960973999.9999994,80014009.89042166,735066783.5619612,4888619775.354471,896175552.6599998
97571250.0,80014009.89042166,166070257.3904645,7584375.83148215,96244424.71
6800000.0,80014009.89042166,-2313289.9963921756,798802.345150722,14821421.673333334
80573774.0,80014009.89042166,138123712.7336738,40810916.663330704,118709105.32666667
13885802.0,80014009.89042166,325162.80855190754,283.5633623164899,4553316.106666666
0.0,80014009.89042166,-1439767.5245817304,53.49602943881802,616285.5666666667
1281176.0,80014009.89042166,-16628376.689265788,743.7879321535817,1210170.9066666667
10000000.0,80014009.89042166,29624829.17850171,3884756.488929234,44337357.43666667
189015611.0,80014009.89042166,142759332.09611195,114134573.46566945,160913876.54666665
0.0,80014009.89042166,8447466.659197286,160.54058350882116,1292347.6533333333
0.0,80014009.89042166,18747740.941935673,110.97106063160476,861809.52
16974459.0,80014009.89042166,19272594.693330735,5727723.265498135,48834737.306666665
0.0,80014009.89042166,3204690.142482057,9.6609837852391,1207140.45
33000000.0,80014009.89042166,24323561.87016295,1627046.701147278,24412924.07
31596911.0,80014009.89042166,50941144.878834695,1886998.4871610482,63287441.24333333
16951798.0,80014009.89042166,9577770.128031567,6099362.646888038,44168000.88
282570682.0,80014009.89042166,308991541.6414186,298697282.58642864,329478323.05
19777647.0,80014009.89042166,8979561.06155397,835044.7462751874,35531272.733333334
25405445.0,80014009.89042166,37979133.6693369,14039041.936640877,56174677.99333333
0.0,80014009.89042166,43209210.4725102,524.6824030186181,1542851.08
15699707.0,80014009.89042166,15208240.42264533,835.5482360390993,8758736.26
165335153.0,80014009.89042166,154276190.84763154,144169614.53897232,171046350.92666668
75700498.0,80014009.89042166,51636272.43459808,3705497.468607236,39969108.84
35692920.0,80014009.89042166,178195272.47371858,38213902.13115151,235475008.19333333
0.0,80014009.89042166,19847089.07454031,-0.15264635522487502,117557.91
127392239.0,80014009.89042166,1606525.049087152,3617180.0467955703,49854957.846666664
0.0,80014009.89042166,-22147133.40030445,16971.972942006425,854260.2133333334
10686841.0,80014009.89042166,21669643.740826666,1137506.409480909,47727481.11
0.0,80014009.89042166,11288450.827219322,-0.37143679624400794,2001424.2966666666
178051587.0,80014009.89042166,76687933.38262567,26044625.515140377,135348923.00333333
0.0,80014009.89042166,-36079573.5966814,1.9394933810697146,280870.30333333334
0.0,80014009.89042166,-19174463.98106511,-0.565703981545143,43272.95333333333
0.0,80014009.89042166,23051967.526903614,9588045.85811476,22948865.63
183611771.0,80014009.89042166,146104571.39831617,34698172.74454807,94600109.04
267447150.0,80014009.89042166,168318159.82614,468795764.5719327,112312119.33333333
2122561.0,80014009.89042166,25471179.824594706,5593384.111120354,56278147.39
0.0,80014009.89042166,5961175.330721334,498.065941832773,1005727.26
39340177.0,80014009.89042166,36426744.088447876,1081676.2493837362,25918036.253333334
73100172.0,80014009.89042166,29367199.770789325,1747.6029535397818,32320495.33
470654000.0,80014009.89042166,234430264.2885973,215730040.0921935,290959425.70666665
253625427.0,80014009.89042166,59287639.70095058,2769.382586678069,41826058.4
269958228.0,80014009.89042166,238051681.95467263,61459044.0219664,237484916.6
21009180.0,80014009.89042166,97100996.85804307,9721882.911029365,64629075.43333333
76586316.0,80014009.89042166,115377819.48200387,11322.161951089827,86763997.43
0.0,80014009.89042166,-11120478.173801139,82216.02468095599,5082102.596666667
846704.0,80014009.89042166,-42728588.769171774,2955.805297896327,563143.0466666666
371353001.0,80014009.89042166,419561953.1191391,865100526.3627491,370415722.8
0.0,80014009.89042166,23972884.14403315,236.52855977175903,2259888.5866666664
1397284.0,80014009.89042166,-900820.0929597318,1930262.9318512075,39755724.803333335
0.0,80014009.89042166,-1754072.6258842945,0.18072976695387574,27783.846666666668
83258226.0,80014009.89042166,247391581.2904809,79369464.08796002,152297444.87333333
20400000.0,80014009.89042166,29602347.874294527,1611688.5284633094,15995544.766666668
0.0,80014009.89042166,19857746.950301155,628.1499785743572,19542090.123333335
3830137.0,80014009.89042166,-21906368.291156396,111137.5382683854,4458360.566666666
0.0,80014009.89042166,-7226422.043446377,-0.33440297335186575,153138.19666666666
16942795.0,80014009.89042166,22899053.37732791,774324.3156422616,27424614.82
792.0,80014009.89042166,11570656.181330487,931.1943541681333,26401666.996666666
73706.0,80014009.89042166,124809280.69622427,148054.85823220742,26081485.93
0.0,80014009.89042166,14809471.05367411,7.144455370513885,158582.38
0.0,80014009.89042166,-17266855.091329068,0.8158498849653768,409909.3466666667
91038276.0,80014009.89042166,44993984.31776289,5310055.2210637415,58833463.57333333
108255770.0,80014009.89042166,171599692.45670497,10384934.419428613,96022793.80666667
174600318.0,80014009.89042166,329004583.77052295,29823209.455964796,200630681.72666666
798958165.0,80014009.89042166,461813547.31009007,212118765.95029286,584461501.8733333
114956699.0,80014009.89042166,19060056.647705585,2733295.5636385563,34280803.736666664
15008161.0,80014009.89042166,19833980.41071984,5922163.417253686,36616096.586666666
234989584.0,80014009.89042166,195561066.1296153,173470840.6896903,162113925.42333335
105316267.0,80014009.89042166,181066834.79448795,56257903.79133581,149997423.03333333
0.0,80014009.89042166,4993270.908026561,83.13903075392183,974211.29
70200000.0,80014009.89042166,60869617.36655122,23573452.9340122,98691198.66
0.0,80014009.89042166,-7625845.639752299,259606.32522077765,9786671.306666667
17292381.0,80014009.89042166,-9824587.95888038,18183.044189607146,9773341.586666666
0.0,80014009.89042166,-7769320.621626526,-0.4846406624601496,16410.176666666666
113086475.0,80014009.89042166,91755348.45473018,22108201.56156766,89403314.88
263920180.0,80014009.89042166,419698466.00375897,218847193.29079053,599428237.0133333
45916769.0,80014009.89042166,60055181.276077926,4556140.3759906655,49458953.37
0.0,80014009.89042166,-29465587.841990277,12.632601216104113,1122194.32
309457509.0,80014009.89042166,138890291.22909826,80086355.91683379,121908793.03
102244770.0,80014009.89042166,71898044.9611133,45998597.72635383,86786950.90666667
240159255.0,80014009.89042166,168495737.6878421,19859900.64955391,207607645.44333333
28341469.0,80014009.89042166,578210943.2664616,373284481.26168334,304948272.31333333
0.0,80014009.89042166,-2836413.324863851,38.92769274569653,2521147.0166666666
0.0,80014009.89042166,6450594.698663503,270.7128271291491,7349778.156666666
33395426.0,80014009.89042166,89597716.32486053,41686340.908457756,52154363.92333333
6000000.0,80014009.89042166,210775828.49842584,427520250.22713906,123110213.14333333
215887717.0,80014009.89042166,109994184.32092918,33351159.972760227,123441945.55
12764201.0,80014009.89042166,57339486.51493005,2321659.86542838,29113870.583333332
88880821.0,80014009.89042166,44215573.47840247,5353434.599641367,64476743.123333335
103738726.0,80014009.89042166,87359682.29067808,6605433.816952697,81385384.14666666
347451894.0,80014009.89042166,280821424.63132405,436044576.8164361,254072610.82
99965753.0,80014009.89042166,79064285.16006276,73683701.74149852,102892627.48
95714875.0,80014009.89042166,68464381.39429398,12982522.925555037,63663729.84
269994119.0,80014009.89042166,283851097.50096506,911125166.4970522,241591370.04
39053061.0,80014009.89042166,55624488.87914597,4757845.816657134,62042042.833333336
149295601.0,80014009.89042166,129245141.7261301,26198986.535040613,127959682.62
0.0,80014009.89042166,244696538.57987005,87834106.19729204,168849804.84
8500000.0,80014009.89042166,85048691.41087203,177963.282115025,47198086.61333334
0.0,80014009.89042166,-23705224.0044872,10222.143793102485,843717.6166666667
0.0,80014009.89042166,-5655035.1521295905,13.832380814720276,0.0
0.0,80014009.89042166,6878274.578778252,-0.7106997434730403,187230.6
219076518.0,80014009.89042166,130784587.83825508,65837125.57357526,174330266.72666666
0.0,80014009.89042166,7275809.971889079,-0.8439970499353013,60731.666666666664
960973999.9999994,80014009.89042166,817349523.8864529,1021826927.7534994,746716786.51
0.0,80014009.89042166,-38028165.424331486,10.157169990152944,436516.78
0.0,80014009.89042166,-35271487.51917012,7.5051499908542265,2662903.1866666665
32287044.0,80014009.89042166,87969349.7253912,15993567.408450786,67821348.86333333
36993168.0,80014009.89042166,37722364.44216758,716222.8085305655,39287805.89
259207227.0,80014009.89042166,131973539.02041665,32691900.21751866,154160310.65333334
65705772.0,80014009.89042166,83236691.44792998,49365876.87932676,97399941.48
1310673.0,80014009.89042166,-37766401.34236802,9971.77947518734,16680376.17
7200000.0,80014009.89042166,85764729.08643693,291622988.46817285,43908878.82
104384188.0,80014009.89042166,140520614.30794105,243321685.07799256,128083806.38666667
0.0,80014009.89042166,17287910.276637957,335.6572112820481,1511233.35
376141306.0,80014009.89042166,236488803.5475161,427657928.202456,172507591.31666666
0.0,80014009.89042166,-21826399.515816182,220590.17784059767,9389625.206666667
0.0,80014009.89042166,-20002930.428783208,166240.91125715227,6398754.806666667
0.0,80014009.89042166,8519058.726228625,-0.9329198767051372,0.0
140000000.0,80014009.89042166,30874168.81492375,6143410.288393164,25373796.933333334
0.0,80014009.89042166,-2661278.4744151086,-0.2591311129900468,142536.85666666666
51702483.0,80014009.89042166,35422412.844904,791744.4117067901,21110175.543333333
121697323.0,80014009.89042166,88689522.47498587,51832674.87590284,144161875.48
0.0,80014009.89042166,-22479568.75757876,0.9251787609374087,214853.26
7800000.0,80014009.89042166,736538.1305344999,267277.84894717264,10197639.466666667
0.0,80014009.89042166,326638.61871495843,5.127489115761809,632007.2466666667
0.0,80014009.89042166,5887033.761939228,29.414062351612312,3622131.79
26527510.0,80014009.89042166,12794983.210020304,1551341.4019877897,17786747.916666668
140175006.0,80014009.89042166,191511155.97012728,22863305.552065857,197961746.17666668
227817248.0,80014009.89042166,236186183.22835016,142734338.3321129,271980286.81666666
1759252.0,80014009.89042166,-8150489.270727962,44962.72595381323,8492602.076666666
8038061.0,80014009.89042166,14409736.24502001,1910991.9325648518,32880191.666666668
0.0,80014009.89042166,-3464509.0104890615,338966.6021034803,17934220.94333333
2300000.0,80014009.89042166,-35888693.91165611,172461.3965256942,8133292.746666667
183987723.0,80014009.89042166,443606822.363839,650586466.3034456,453530821.53333336
178127760.0,80014009.89042166,211015920.12469256,102016340.87474932,162493387.3
47383689.0,80014009.89042166,128435129.75853094,40047509.91788442,117198000.74666667
141591324.0,80014009.89042166,79408298.08739159,16477786.03335532,103431025.90333334
8371085.0,80014009.89042166,25591164.97109256,1705624.675046115,42058515.43666667
68766121.0,80014009.89042166,83994143.82710955,15850423.746429734,103568348.61
209196298.0,80014009.89042166,185220674.71661788,111954244.14065984,229924710.24333334
131183530.0,80014009.89042166,209806751.0394075,680493252.58021,222460921.07666665
173959438.0,80014009.89042166,82871399.11411518,52547525.62904482,113668549.85666667
12671300.0,80014009.89042166,-18197638.88935806,42907.1519533607,4261418.346666667
107879496.0,80014009.89042166,87359843.69893062,3501384.983673448,39755379.68333333
2275557.0,80014009.89042166,-12974779.576780349,986601.518882912,8830102.24
222104681.0,80014009.89042166,292231712.03097945,660256674.578213,285038190.53333336
1919197.0,80014009.89042166,-13511808.99602212,23.66020568099027,175391.60333333333
58853106.0,80014009.89042166,53798218.9975065,17841989.976116255,65057914.38333333
6852450.0,80014009.89042166,5358440.062219009,49438.19941160628,2666623.1266666665
60740827.0,80014009.89042166,85881763.29300006,87820289.3482783,100127395.17666666
0.0,80014009.89042166,-1003474.6133558154,474.20869104067503,19046890.85333333
117831631.0,80014009.89042166,278874079.1032491,216246111.6476898,231251137.97666666
126216940.0,80014009.89042166,106150092.85505433,60420533.31561962,145380397.82333332
0.0,80014009.89042166,-15693220.008465126,312292.63451847417,23039621.55666667
467365246.0,80014009.89042166,587530585.0475578,1168455812.766634,687875114.4833333
77944725.0,80014009.89042166,70584665.36653039,6308715.441232577,85678852.01
147080413.0,80014009.89042166,186500994.13908458,239471488.0773596,196912079.8
0.0,80014009.89042166,-7438228.603947163,-0.9635871423069412,1773.1166666666666
67192859.0,80014009.89042166,11046735.962016806,325561.96547473,20368310.616666667
6000000.0,80014009.89042166,38181120.74881095,38830830.80355125,16666293.6
90874570.0,80014009.89042166,182044563.38024858,11860513.103617933,97034338.73
0.0,80014009.89042166,21365605.001778863,184.79205922294804,1921973.88
237681299.0,80014009.89042166,264563249.14662385,103725510.95416671,267559010.12333333
2944752.0,80014009.89042166,-15299461.923578694,302553.8040704232,6908526.213333333
0.0,80014009.89042166,18999417.233803496,1073641.5464992016,45112522.00666667
0.0,80014009.89042166,27787985.43616268,970315.451350224,22703064.62
0.0,80014009.89042166,-11086631.188928694,1.9699284116302533,84000.48
70992898.0,80014009.89042166,13059450.793846749,397037.6517907214,27828169.28
0.0,80014009.89042166,-8864113.344920218,-0.3761587524385245,86764.14333333333
84300000.0,80014009.89042166,165947426.85504484,924062671.6835765,97148641.52333333
0.0,80014009.89042166,-5760393.132598415,-0.6369992887791974,5407.083333333333
195735876.0,80014009.89042166,204418742.77814022,81042264.69884686,171727188.63
0.0,80014009.89042166,9652434.957050607,12.788460405825948,112611.62333333334
0.0,80014009.89042166,-2592246.937541887,-0.14359266080619965,35370.83666666667
0.0,80014009.89042166,-11989742.92168209,-0.9347474167846446,25852.823333333334
0.0,80014009.89042166,-6303686.412219614,2.3722883060147866,102613.63666666667
224803475.0,80014009.89042166,280763640.23211306,96987627.20275685,301038178.93666667
0.0,80014009.89042166,55202821.08518723,3404634.4842345603,24904341.41
52099090.0,80014009.89042166,110873382.27846666,15135882.517586587,135922622.88
30114487.0,80014009.89042166,-20759467.148103297,87740.32813966532,17105463.746666666
50068310.0,80014009.89042166,43172823.219883025,1762247.113675303,70920426.45333333
361366633.0,80014009.89042166,220819124.56428373,27952708.79653548,154576602.97
9879971.0,80014009.89042166,-13348787.753076866,65178.75130479619,6061445.883333334
0.0,80014009.89042166,89855717.13297673,3011.0966395802884,41597103.54666667
2570000.0,80014009.89042166,58726211.90660828,580.6018789968089,5101950.336666667
924317558.0,80014009.89042166,458544488.7023288,579579841.8894073,624958818.8266667
51148651.0,80014009.89042166,85413938.01095735,15679472.067800093,89714322.93666667
126690726.0,80014009.89042166,155197407.18463916,61163398.89731098,134841830.83666667
32005248.0,80014009.89042166,41537018.84846675,5416193.889683069,50018179.45
0.0,80014009.89042166,11540616.892336383,129.77925212696772,1201392.2766666666
0.0,80014009.89042166,38180346.22522509,82.71974864072382,16227091.416666666
50041732.0,80014009.89042166,56828631.43552175,6177540.713463876,32801092.153333332
9627492.0,80014009.89042166,6806262.33203955,287361.83276399435,18910695.4
41037742.0,80014009.89042166,163016497.25935256,118107170.84545554,156311136.90666667
12036149.0,80014009.89042166,8274229.678150728,797691.0411602529,26389359.426666666
4064495.0,80014009.89042166,13173318.49252589,443901.01582109777,27599151.48666667
57231524.0,80014009.89042166,1712699.2638666034,72508.39918357429,5535803.6866666665
0.0,80014009.89042166,-19545824.969039813,-0.2215936434850085,3556.9466666666667
444575.0,80014009.89042166,-6462961.595094994,349149.3022550258,7279584.19
0.0,80014009.89042166,17192022.423902594,1.836676801696088,566460.3466666667
10178331.0,80014009.89042166,-8689762.029629394,11036.946351005095,990141.6933333334
435000000.0,80014009.89042166,390769130.8422491,1556419428.9898312,362505901.6933333
960973999.9999994,80014009.89042166,713765612.3054619,2798659330.2574596,782234446.6166667
14460000.0,80014009.89042166,80732114.52488865,2337073.492532746,85075827.02
0.0,80014009.89042166,-1504662.838664338,5.507167442800828,272747.89
4000000.0,80014009.89042166,946300.7655096054,55753.106132344656,780417.1933333334
66980456.0,80014009.89042166,125636922.98865247,34400946.8412128,115821189.50666666
32483410.0,80014009.89042166,41070415.7949589,2258601.7188983094,45467655.74
42333295.0,80014009.89042166,-8781714.436414689,4600456.178575019,43665539.156666666
18564088.0,80014009.89042166,-5490719.328541473,2393537.1927592764,50683235.05
9700000.0,80014009.89042166,9774856.167728439,24106312.0237161,24777574.39666667
346079773.0,80014009.89042166,238160116.6163664,169120497.96659854,237234434.10666665
131282949.0,80014009.89042166,149005383.9152186,139739870.63996837,148641831.6
118063304.0,80014009.89042166,104346075.52041335,13539018.63794334,91230375.04
0.0,80014009.89042166,33590305.733174086,1554294.2893871749,31506824.926666666
8555008.0,80014009.89042166,27844469.316490203,3383708.3557253154,36971608.31
0.0,80014009.89042166,-13554253.024410754,-0.982560127600469,30700.656666666666
0.0,80014009.89042166,3919556.962245092,0.031954901854949994,1199511.72
27409889.0,80014009.89042166,57543898.255391106,4459677.842970151,53574736.833333336
477200000.0,80014009.89042166,426750046.07050455,895961805.4205742,434382413.96
108782847.0,80014009.89042166,173122390.49049038,44852204.29737772,126008458.55666667
0.0,80014009.89042166,60861976.07672407,2744367.737812713,55587398.81333333
0.0,80014009.89042166,-23213493.03709419,38.58313919863232,146330.00666666665
59192128.0,80014009.89042166,58407844.62754783,7415642.206424301,63258016.46
0.0,80014009.89042166,16569781.213723503,0.6141959203102014,58281.293333333335
12376563.0,80014009.89042166,10565476.967315659,6123844.363905361,23854085.846666668
0.0,80014009.89042166,-2711437.772147417,21.09141646874971,723459.91
0.0,80014009.89042166,88403416.22117245,486138.15189838223,20421979.17
188441614.0,80014009.89042166,257128396.3771482,115285788.68170121,191369228.82666665
0.0,80014009.89042166,-14208240.429886341,355.5544410674503,327591.32666666666
51680201.0,80014009.89042166,68300551.75721322,89220830.73301312,90787845.86666666
1500000.0,80014009.89042166,-30062408.063473508,0.4241746883059603,1538.02
0.0,80014009.89042166,9190516.212552458,0.5606211387031002,1169038.2966666666
173066.0,80014009.89042166,-5239776.815371007,37416.58270993815,2458829.5833333335
6673422.0,80014009.89042166,883493.3735497892,401303.13848757977,44261791.54
0.0,80014009.89042166,-16131529.820174009,11084.61205200607,10711998.326666666
553799566.0,80014009.89042166,358403056.1083732,861648223.1862518,551320697.0166667
215529201.0,80014009.89042166,250729132.01948452,85455891.68645103,260052986.04
68700000.0,80014009.89042166,252069498.6124844,1476250160.0487883,394848606.4266667
150816700.0,80014009.89042166,64412256.247340836,13486911.767767085,76514717.67666666
34522221.0,80014009.89042166,-20289815.094024137,28455.88289151925,6584558.23
0.0,80014009.89042166,-13032509.519765347,21423.03270756367,1534221.7833333334
66821036.0,80014009.89042166,-2292170.4370001853,18796839.15834419,59866880.93666667
20217080.0,80014009.89042166,11596360.901939616,82169.04154573698,8593128.636666667
0.0,80014009.89042166,20553013.107573763,-0.9489773110107951,267185.36
0.0,80014009.89042166,8635317.060076177,-0.8935020935170489,1104469.1633333333
14000000.0,80014009.89042166,25114258.145078614,1645929.192228325,20850842.016666666
176104344.0,80014009.89042166,170032643.4816208,96784421.2509834,103908691.26
0.0,80014009.89042166,-430294.4321965724,4.619425585540186,49397.41
114194847.0,80014009.89042166,92383781.22279193,30656237.4468828,107395797.65333334
0.0,80014009.89042166,-16025455.756201446,1.3051002445127784,610820.1466666666
0.0,80014009.89042166,-3274962.377387926,-0.9679131203528051,1034112.3766666667
415686217.0,80014009.89042166,373594313.0018078,521184507.11537087,262339365.53666666
0.0,80014009.89042166,10003590.199883655,-0.7980968736788774,160127.53333333333
0.0,80014009.89042166,-5136225.306064263,-0.23573510629871544,1471259.6033333333
24127895.0,80014009.89042166,116661090.95238355,33223785.063516933,128309482.46333334
0.0,80014009.89042166,8290995.611719742,29887.341367749767,8230000.01
51973029.0,80014009.89042166,86561499.5952909,228916769.19282708,150054733.06333333
0.0,80014009.89042166,-2318444.231123671,10.529853618316485,1074617.04
10000000.0,80014009.89042166,3750347.5386408716,160.11304866707113,538491.3266666667
141195658.0,80014009.89042166,79138936.07096693,81536923.20224124,120891316.11666666
0.0,80014009.89042166,11078074.05581513,2996.959669293474,31337954.323333334
69701637.0,80014009.89042166,65442969.24798437,1327633.7261149262,18792702.003333334
407602906.0,80014009.89042166,556071067.1432999,1105616091.3922305,541309502.45
172363301.0,80014009.89042166,111755943.63358483,15869593.002999444,169665454.49666667
114156230.0,80014009.89042166,103793174.28030497,13238258.607216692,141211172.08666667
93246388.0,80014009.89042166,74404536.23517457,20353634.023385108,63812870.13333333
0.0,80014009.89042166,16338363.567583159,3.980130289774525,2282494.533333333
23311391.0,80014009.89042166,-6461291.775848806,2.900351291536826,254874.50666666665
212874442.0,80014009.89042166,206207154.67795873,30559016.174001206,206338886.38
0.0,80014009.89042166,29630870.67744895,80.85890418714632,1554949.3333333333
17273593.0,80014009.89042166,13274589.855650544,1439428.5607078983,20624530.39
0.0,80014009.89042166,6720936.874016508,19.216000977012584,1578444.34
17511906.0,80014009.89042166,-21551988.75668709,481649.9535899102,9324354.566666666
22222308.0,80014009.89042166,20357225.677166425,5350433.056772086,55217441.49666667
0.0,80014009.89042166,-24709567.24590926,12235.985486233709,3635830.8066666666
7871522.0,80014009.89042166,-10228396.218804464,1175731.5554127055,10684386.28
0.0,80014009.89042166,-4743077.9153571725,9489.381958130856,11599464.11
15520023.0,80014009.89042166,45984433.41424346,3212995.8951577493,55629915.333333336
0.0,80014009.89042166,8595888.67928712,293.97321356015624,4312468.316666666
416925.0,80014009.89042166,-12455723.205013782,215866.0677987798,5133535.143333334
603900354.0,80014009.89042166,387103459.149963,858046186.5793527,478435222.63666666
31911598.0,80014009.89042166,15413620.947607629,196.7932352872429,16355705.94
12007070.0,80014009.89042166,41400018.62927133,1932816.5230825255,48437615.57
0.0,80014009.89042166,14517001.116252065,37.761513558442324,679212.7766666666
0.0,80014009.89042166,8629990.384666681,75784.84829844692,7793474.156666666
682330139.0,80014009.89042166,491018848.83777976,1796970199.4493194,544771488.2533333
30303072.0,80014009.89042166,59286258.10124943,20962893.526237067,103745572.15333334
96188903.0,80014009.89042166,332228144.9061156,74365904.85297543,232026463.08
2281089.0,80014009.89042166,21865278.710161157,241326.92707415737,7978559.673333333
30353232.0,80014009.89042166,48811914.65776111,5890491.442318837,54601365.72333334
0.0,80014009.89042166,-9653167.645745382,-0.5193552251024238,735704.52
296339527.0,80014009.89042166,364776043.8802701,457314793.2568972,449013982.11333334
0.0,80014009.89042166,10277774.634950057,3.183586168245583,463074.4266666667
75902208.0,80014009.89042166,54715580.425797574,6902893.319548436,67356191.47
40055439.0,80014009.89042166,24587625.55830484,1001844.3090383427,50510012.37
38275483.0,80014009.89042166,74426144.04280314,14606682.265974846,141717736.71666667
237382724.0,80014009.89042166,221084089.31928474,164796242.51740128,189043806.32666665
38085778.0,80014009.89042166,64252060.13215081,233795.7978502072,49249385.02
9898412.0,80014009.89042166,32567329.95376648,1161535.0654246304,20507905.91
373062864.0,80014009.89042166,466610247.64532983,336565817.50643957,529555885.22
31755742.0,80014009.89042166,64431771.39724231,5630084.633449639,32165275.886666667
0.0,80014009.89042166,-5672100.210099906,3.913105687882215,292371.5233333333
101702060.0,80014009.89042166,160193773.9941299,444925027.9637192,144406698.89333335
0.0,80014009.89042166,1901462.687395066,1.2715475628050874,38992.166666666664
101758490.0,80014009.89042166,-2255413.4113108665,145695.52025672776,13881150.826666666
77278331.0,80014009.89042166,96275896.35669148,22147071.114656273,89669576.9
0.0,80014009.89042166,-11459677.838390216,2.801413886167732,144799.12666666668
11000000.0,80014009.89042166,119270390.68673798,79291914.73421822,116819112.09
98410061.0,80014009.89042166,55773987.81583831,8888184.183098236,55530742.11333334
66966987.0,80014009.89042166,31303137.978770174,541067.0503107955,50800125.96
212385533.0,80014009.89042166,123132311.57606596,66547446.6720625,217889431.89
146292009.0,80014009.89042166,32568475.45379179,7412924.915708878,77835511.48333333
0.0,80014009.89042166,-11678659.26852557,-0.8291258368189312,250543.64
149044513.0,80014009.89042166,200564537.65550458,30897739.05990179,205641383.76666668
8880705.0,80014009.89042166,13217818.511451505,-0.277495123792803,894505.68
0.0,80014009.89042166,-20404616.564755723,6.32484802460451,208936.99
457640427.0,80014009.89042166,555499765.4812082,934938763.382136,695552972.1
36351350.0,80014009.89042166,54128986.85321455,2098229.487020458,22733549.11
0.0,80014009.89042166,23293606.7495552,20.885208213115853,376621.74
2357852.0,80014009.89042166,2655548.2581263185,392051.23116861476,12977392.426666666
62852.0,80014009.89042166,-31747456.1883976,4033.8049247595495,1196719.1266666667
0.0,80014009.89042166,148848.31913170218,33.97113547310046,7456099.623333333
11466088.0,80014009.89042166,55296244.687957466,1074488.8791405149,24041164.046666667
5310554.0,80014009.89042166,-692454.7321136147,10.415144595776418,79404.41333333333
0.0,80014009.89042166,-6411281.429638565,215.76595947209816,1131877.5
0.0,80014009.89042166,-6483235.740242273,-0.5702389103402481,139795.31
8000000.0,80014009.89042166,-3378495.3363431394,1382479.187095549,15438683.553333333
501818.0,80014009.89042166,30172680.71836313,3114816.9114228343,85659711.49
1569918.0,80014009.89042166,-14581098.008091688,108671.77911407224,9163654.666666666
392000694.0,80014009.89042166,625454674.5854874,158540345.96236938,723616092.8066666
137551594.0,80014009.89042166,105944851.07914856,37603846.66800312,124157005.73666666
9366227.0,80014009.89042166,-29990064.013490647,20528.417791809803,13960165.77
21133087.0,80014009.89042166,36403864.146887764,1374040.8958855895,48846122.63333333
28283637.0,80014009.89042166,62724444.01732309,468152.28082153597,18544500.363333333
12400000.0,80014009.89042166,21014961.268148944,22331.849800174023,1919072.91
159773545.0,80014009.89042166,177993250.03784573,361181339.5593723,270093539.4033333
63408614.0,80014009.89042166,113827929.66131279,34918963.5902392,122001581.56333333
0.0,80014009.89042166,-37453847.45850599,466.54386097616094,312448.92333333334
0.0,80014009.89042166,-21669294.81747578,3.272442943309172,262358.13666666666
65535067.0,80014009.89042166,43551038.91328259,2934587.247202331,62193977.946666665
0.0,80014009.89042166,-22365203.79114856,-0.8623235477584157,1224419.2066666668
0.0,80014009.89042166,17127004.360064417,15.11256318608395,361116.38333333336
10462500.0,80014009.89042166,124953679.25081351,651961701.3164091,84936738.32333334
0.0,80014009.89042166,23465166.31333077,-0.5046498873776093,207570.79666666666
0.0,80014009.89042166,122600595.53972255,65249934.15722247,82127072.43666667
0.0,80014009.89042166,7132421.497840434,55.55052201667646,1395274.0766666667
189198313.0,80014009.89042166,121786160.24278231,128872166.48273993,106105938.72666667
124827316.0,80014009.89042166,79598481.55565926,16961598.487281274,71303216.62
0.0,80014009.89042166,6854119.269354045,52714.19846767152,6394585.81
189833357.0,80014009.89042166,62273232.7416192,7187391.906239543,154771937.56666666
11176469.0,80014009.89042166,22231968.700747877,1616244.988337536,16836626.256666668
0.0,80014009.89042166,8392919.976384595,25.064132902485586,411600.24
26828365.0,80014009.89042166,48369207.378974766,12923975.728543641,78564652.85666667
0.0,80014009.89042166,12494869.842020676,6.997194827509721,637141.92
48190704.0,80014009.89042166,90371786.65942101,67165039.76324312,71895948.53333333
30800231.0,80014009.89042166,93813928.56653331,8168563.284904642,75046561.90333334
0.0,80014009.89042166,6521525.439365283,10619.101613366427,5720255.576666667
0.0,80014009.89042166,34631123.72950263,1163950.73927393,34652677.553333335
0.0,80014009.89042166,74190126.4142951,4109088.5797223705,25570056.676666666
183345589.0,80014009.89042166,306004519.7052042,146227204.8875628,245973404.13666666
0.0,80014009.89042166,-11482328.863741204,1.950926009698284,5385996.323333333
531865000.0,80014009.89042166,641779562.0748241,269515304.50900966,630707174.0666667
21000000.0,80014009.89042166,17190030.385594323,381098.8401069391,15251037.913333334
88346473.0,80014009.89042166,183656411.09035543,57582236.767745085,171758607.71333334
0.0,80014009.89042166,-12910080.569654152,85684.25657821106,1632482.4133333333
163720069.0,80014009.89042166,100163048.59008722,73081651.7004757,163093715.1
0.0,80014009.89042166,6433212.96317403,11.007948512879123,1539714.0966666667
4777465.0,80014009.89042166,7777329.724954769,132767.3752780642,7065900.1
19422261.0,80014009.89042166,79782002.92625251,15800389.02462947,69598376.34333333
140470746.0,80014009.89042166,90467187.57271028,23959048.046264973,74099196.51666667
16491080.0,80014009.89042166,167909169.02426678,37647201.33875976,48846115.413333334
18999718.0,80014009.89042166,38965412.77075083,43568970.520099305,57750708.39333333
50907234.0,80014009.89042166,41279066.77874429,6052141.453830561,64753411.89333333
255273813.0,80014009.89042166,124672695.43711144,81887501.85705276,88971082.30666667
41424067.0,80014009.89042166,-18503717.661459625,61789.87589696408,5187901.793333333
0.0,80014009.89042166,6007754.437805876,47586.19681255199,3753559.06
0.0,80014009.89042166,-8383380.922682971,-0.4235534287946344,12409.273333333333
163442937.0,80014009.89042166,193133896.85178992,59396657.92577372,132658468.79
0.0,80014009.89042166,30595.170255482197,4.514859207318397,1563498.1533333333
845188.0,80014009.89042166,-19250563.72842081,55.50272614637847,100764.51333333334
129266061.0,80014009.89042166,121713913.95825034,260680580.68334138,149537150.88666666
0.0,80014009.89042166,15964335.878661238,9.427261721729847,1841151.4466666668
0.0,80014009.89042166,-453460.5138595849,43160.930637545935,1743523.55
0.0,80014009.89042166,13810463.599095725,79.15952532020896,1964020.7233333334
0.0,80014009.89042166,-9170857.421060741,-0.9461929030004841,1763.4766666666667
0.0,80014009.89042166,-19885517.074045867,363.7761748253176,219544.79666666666
70067909.0,80014009.89042166,54993385.427866414,29906724.90483731,101184759.39
0.0,80014009.89042166,-17093456.136314213,146.99527984522828,1825654.17
73648228.0,80014009.89042166,59030594.13773261,43261920.95584951,101468505.86333333
161834276.0,80014009.89042166,105072422.8738469,21028621.839146376,107332691.84
50671850.0,80014009.89042166,59504544.89447064,7266691.358576405,63756594.15
3432342.0,80014009.89042166,-23048798.119874433,26543.84190437909,13314155.283333333
56932305.0,80014009.89042166,121724917.01857886,42961273.738443695,108546531.59666666
289847354.0,80014009.89042166,386834205.13989264,269855968.8798571,542324457.83
37664855.0,80014009.89042166,35718944.30418991,1177495.707994396,44639707.263333336
50000000.0,80014009.89042166,96192649.3860695,112389027.26149535,132481359.5
35294470.0,80014009.89042166,39006118.46990878,4512043.849946109,50514838.93666667
146497771.0,80014009.89042166,119852573.0628981,31565587.40790179,96524149.13666667
133718711.0,80014009.89042166,191183208.3317902,36529745.645439826,177822677.2
27645491.0,80014009.89042166,40670423.0952633,1115565.8480143002,32035639.35333333
9138338.0,80014009.89042166,-2330224.1245567948,68554.94112203745,3818420.5866666664
2801508.0,80014009.89042166,-34618478.00931634,26946.624426555598,2196824.17
3412497.0,80014009.89042166,-23397010.318582535,49232.34980624033,4929381.573333333
5284309.0,80014009.89042166,-3873824.0094562173,347.10546836228536,8871211.333333334
0.0,80014009.89042166,-19989004.066393748,2426.4981525930957,1871608.8533333333
0.0,80014009.89042166,7063945.115191892,-0.5618043831529074,34433.49333333333
107670357.0,80014009.89042166,199497447.9880817,737542061.0830625,156475572.57666665
956019788.0,80014009.89042166,709289148.5450732,10891339599.984215,841328733.9133333
0.0,80014009.89042166,6306582.303562656,34.57338571215953,245822.46333333335
117615211.0,80014009.89042166,35515569.88040968,8993728.554853098,111509869.18666667
41597830.0,80014009.89042166,66781171.67583351,8090497.051495395,85328812.08666667
11744471.0,80014009.89042166,75145497.74605429,96217378.87653652,74368972.78
266728738.0,80014009.89042166,133809631.94902268,13609159.840671366,98632745.67
0.0,80014009.89042166,5579490.134378552,-0.9467820536332916,48516.28
0.0,80014009.89042166,27302630.258309767,171.55852747885075,7554653.946666666
21571189.0,80014009.89042166,1465033.6468474865,268873.72362283384,10986851.803333333
0.0,80014009.89042166,-35254350.627833486,7.755041139547105,658773.1033333334
4007792.0,80014009.89042166,-216403.12504570186,572736.107285458,13176391.023333333
43061982.0,80014009.89042166,129590369.9563002,37630662.156036474,112598419.81666666
32556119.0,80014009.89042166,46315531.244392335,36078438.28798018,50313326.153333336
0.0,80014009.89042166,34715461.5302378,65.6122691671555,1236217.73
29907685.0,80014009.89042166,62194627.17078658,844130.1805073451,27425809.003333334
0.0,80014009.89042166,-623334.1180762798,33.96390566442928,280752.55666666664
202466756.0,80014009.89042166,166999105.1494977,251647966.244545,178816995.18666667
407711549.0,80014009.89042166,379610390.4789386,258060956.42147902,500309673.44
58000000.0,80014009.89042166,27410934.136913233,1190328.124429059,56881957.49333333
11212294.0,80014009.89042166,-42204096.803001866,21110.370807102914,6402454.15
11718595.0,80014009.89042166,-490989.1909366697,14833.885960284837,1681729.6066666667
0.0,80014009.89042166,39148236.89128504,635244.7245391468,30132468.413333334
0.0,80014009.89042166,-267287.97987289727,303498.477045511,23601413.243333332
55157539.0,80014009.89042166,51141726.245835476,2081379.7937653014,65918083.14
0.0,80014009.89042166,-513653.8220552653,426707.6460181344,15134564.296666667
0.0,80014009.89042166,6848161.529372811,12.651446104257749,2200840.703333333
78000586.0,80014009.89042166,128961620.39581007,3812729.727275089,39531587.13666666
150000000.0,80014009.89042166,92965623.70455956,38322928.622434385,124164207.20333333
0.0,80014009.89042166,-3932398.0220476687,222363.3574085173,18887945.476666667
40547440.0,80014009.89042166,72377463.73043403,7479970.62023413,75591187.33
56681566.0,80014009.89042166,87784882.91227022,64139733.14975604,93778612.26333334
0.0,80014009.89042166,52600751.20762775,7505022.198393597,57215500.78333333
62771059.0,80014009.89042166,41282912.597452305,1490431.2176116987,41005873.096666664
0.0,80014009.89042166,21214967.759238467,7379.206976900118,6161199.453333333
0.0,80014009.89042166,-10999277.994596899,354.011983903049,10720159.296666667
351583407.0,80014009.89042166,238615820.24301732,1150230250.8659039,181698887.64
12633747.0,80014009.89042166,-19386584.646763742,257835.86536576395,15680095.793333333
83304330.0,80014009.89042166,34410966.0955971,3503030.348536044,30564659.703333333
0.0,80014009.89042166,-17763965.002868608,-0.44098945268639733,71333.01
58058367.0,80014009.89042166,117446614.67448103,45928068.83326944,104556356.19333333
70000000.0,80014009.89042166,75033157.66663446,6008699.547807726,47390249.28333333
40828540.0,80014009.89042166,75125350.16117543,24527616.674919035,68959763.61333333
6003587.0,80014009.89042166,7780759.586134329,106.25384510949625,377070.89666666667
0.0,80014009.89042166,2213824.7402832955,308.64980284460955,5060083.236666666
325756637.0,80014009.89042166,198854198.21386266,103317887.57946905,135189853.79666665
0.0,80014009.89042166,-22693466.162280098,0.20792743045398357,93451.34
1477676.0,80014009.89042166,52046516.91864853,332078.2722072032,24439341.126666665
369330363.0,80014009.89042166,541582695.3154826,1367788029.242718,324181791.56
6000000.0,80014009.89042166,20760034.064129382,857610.6836834294,13682592.016666668
50365377.0,80014009.89042166,78705723.0052177,9719757.115823742,59593467.29333334
369884651.0,80014009.89042166,175702883.1879761,845160488.0911545,198356419.92333335
23507567.0,80014009.89042166,-10707728.258225039,52597.06832293544,6831400.58
327311859.0,80014009.89042166,439074523.95357144,1246319798.8342779,305554991.23
0.0,80014009.89042166,56210018.554285586,212734.5539030748,10745295.036666667
0.0,80014009.89042166,6160714.69190307,1.4260998016198938,390066.85
321887208.0,80014009.89042166,316735083.60812736,238418253.5579122,421901738.0233333
0.0,80014009.89042166,3170782.5686968565,10.382857954538196,41863.37333333334
82719885.0,80014009.89042166,95641061.65948361,9303241.316390626,84909491.59333333
82966152.0,80014009.89042166,88694314.87719333,62886192.63927913,83187528.94
16856124.0,80014009.89042166,-5807364.902462721,467126.5961319421,14926631.986666666
0.0,80014009.89042166,17602200.273185804,2182.496278559468,10007118.4
0.0,80014009.89042166,22212717.523028545,505482.0657741328,31247659.67
165478348.0,80014009.89042166,204075236.67626685,45547659.60897506,174580876.97333333
585174222.0,80014009.89042166,732500687.989218,680244496.6036825,691434959.0133333
277448382.0,80014009.89042166,204354915.07186228,169688849.71230343,194333250.14
2945242.0,80014009.89042166,4961971.6655745655,12.816639150585203,1430220.2466666666
825532764.0,80014009.89042166,756161545.1342924,1404616379.33157,813768214.7266667
23159305.0,80014009.89042166,251343375.67161477,101384783.59647654,190065326.57
397850012.0,80014009.89042166,377188584.3820101,677728076.4503258,413895453.2033333
31720158.0,80014009.89042166,80717349.66334699,5695406.6645184355,60167639.126666665
4420000.0,80014009.89042166,11257836.937029585,6950302.7283902615,34247814.096666664
17600000.0,80014009.89042166,18740675.548211336,146633.57631736415,12535901.96
90810892.0,80014009.89042166,110915597.77025227,20357585.073012773,84678443.93666667
0.0,80014009.89042166,19679189.44174333,383.36552546066514,777523.7066666667
321731527.0,80014009.89042166,93622290.67226434,40117016.8355718,173837308.1
59520298.0,80014009.89042166,7010024.827096343,258085.85090981476,12320425.053333333
0.0,80014009.89042166,-5878155.001813859,-0.956022897690796,1323920.2066666668
0.0,80014009.89042166,2198808.1034455,7.973642569103644,393131.70666666667
61489265.0,80014009.89042166,28086560.353674613,3146224.0021295864,95043299.74666667
17286299.0,80014009.89042166,27119658.490103275,1661805.0658635397,25368900.073333334
65977295.0,80014009.89042166,114970763.55742404,6030470.447746893,67945367.75333333
212404396.0,80014009.89042166,134276584.09333366,55637598.20906826,138520754.4
177977226.0,80014009.89042166,138921886.65092668,63138175.638253555,182709153.37333333
21126225.0,80014009.89042166,43135372.05976728,1930172.4820607924,66511874.696666665
0.0,80014009.89042166,53715497.033818424,2974295.708970156,73875509.73666666
20342161.0,80014009.89042166,6699206.2969184965,255714.97054021433,21013228.826666668
113006880.0,80014009.89042166,139844512.47241727,32065382.496156704,153628476.03666666
20416563.0,80014009.89042166,95231824.1379938,20812205.869087588,56273060.21
0.0,80014009.89042166,21216585.223436736,0.30290978304430144,55565.45
1333124.0,80014009.89042166,70346377.87002745,3409442.279846407,60233675.18666667
441818803.0,80014009.89042166,415703492.8417786,832498379.8095086,510244002.14
0.0,80014009.89042166,2057178.868642062,0.3001851022008608,116260.04333333333
97594140.0,80014009.89042166,94939866.49592729,96917657.96558003,60427087.64666667
8000000.0,80014009.89042166,-36036942.26508559,196898.26841649006,7354588.93
35287788.0,80014009.89042166,150835510.53276104,27080920.03776477,146568082.44
30523226.0,80014009.89042166,88610010.32045984,38458163.89973068,65542904.67666667
164000000.0,80014009.89042166,134499682.530797,22616207.68283924,99025905.06
0.0,80014009.89042166,4378394.673682779,-0.730119715064945,9135.533333333333
0.0,80014009.89042166,30526878.936674416,246.1711026575879,2175721.3766666665
38368909.0,80014009.89042166,19544932.710619286,1120890.7131938285,21404560.606666666
122195920.0,80014009.89042166,59511986.06394212,64667168.11460527,88374640.57333334
0.0,80014009.89042166,-43345637.633161455,14157.128498102142,3501140.35
716392705.0,80014009.89042166,508711662.94811225,326841127.09454614,553680678.49
0.0,80014009.89042166,2837206.1865419596,-0.9441159147767154,32318.45
170000000.0,80014009.89042166,131694307.27361548,131598387.99055141,150969731.99666667
2401510.0,80014009.89042166,12240134.580582663,659951.168600868,19172437.616666667
34077920.0,80014009.89042166,61742375.87105823,10600525.726446345,45775369.71666667
87840042.0,80014009.89042166,55116763.545833856,6976937.222577941,74546386.46
140795793.0,80014009.89042166,154559586.47383863,182382606.96557438,120970974.38
0.0,80014009.89042166,17506373.2630457,10.781908180387708,1060450.66
26010864.0,80014009.89042166,42094171.600825764,41681769.19590535,73683349.71666667
65569869.0,80014009.89042166,10400747.519769982,1635385.5764585775,34438781.96333333
563706.0,80014009.89042166,-7920734.354346991,6087.73091355353,1071188.4266666668
0.0,80014009.89042166,-33652039.14031413,0.556154860329787,86395.78333333334
333000000.0,80014009.89042166,277160324.7917417,885680522.7084581,345105614.89666665
79958599.0,80014009.89042166,40690669.14123646,1479922.8589736552,29776348.83
2592808.0,80014009.89042166,-28286810.569481775,-0.8609612458570107,289.73
0.0,80014009.89042166,1297684.1334091127,0.7386316922298806,495040.95
0.0,80014009.89042166,9329399.716222167,5.422053056501117,6426770.346666667
54819301.0,80014009.89042166,39628710.239669256,977060.5028374058,31178764.993333332
2040920.0,80014009.89042166,-18303758.287758633,293767.6225075244,20822915.36
0.0,80014009.89042166,-16216424.244285628,-0.8567229246352795,43319.73333333333
0.0,80014009.89042166,16366830.875602089,-0.9413217068811596,63728.81333333333
53191886.0,80014009.89042166,20972118.15512065,3401520.1437747385,25184225.12
8159508.0,80014009.89042166,4255834.63955678,237.1181744147436,4906665.556666667
207283925.0,80014009.89042166,268568389.222372,161491315.4887259,236924909.15333334
85306374.0,80014009.89042166,75754855.32084224,16944997.93572234,73535256.03666666
90400000.0,80014009.89042166,138928911.89312235,242335841.98144513,151385372.06
7000000.0,80014009.89042166,5407456.7938694805,55385.26389753446,30874876.446666665
789804554.0,80014009.89042166,631861208.1912074,737940095.2108253,784209616.6266667
23580000.0,80014009.89042166,27383139.412431434,5749630.040786349,46082691.27666666
44349000.0,80014009.89042166,151342382.60266113,21994830.74725393,97385754.33666667
5363000.0,80014009.89042166,28047828.353336602,98427.70202021119,8100305.916666667
8888143.0,80014009.89042166,30316509.092759892,291090.42008635233,16830753.9
0.0,80014009.89042166,9135437.0816544,-0.4545081092407908,181327.6
0.0,80014009.89042166,-8176000.102321178,13.980516282368335,227229.78333333333
29010817.0,80014009.89042166,-19540102.799350098,189026.1974318696,10845303.796666667
0.0,80014009.89042166,1900185.4940382391,-0.9094110569630658,2200.403333333333
165184237.0,80014009.89042166,106435455.98298962,16523798.337328361,95865517.57
43493123.0,80014009.89042166,69430402.24788545,22543983.716479156,39955051.346666664
0.0,80014009.89042166,-20256646.60090728,7743.099650353828,1321184.7466666666
36733909.0,80014009.89042166,69183623.91367665,10479985.511281094,97842448.75333333
4634062.0,80014009.89042166,-15163815.64004387,79590.97181315882,25387425.19333333
34573780.0,80014009.89042166,203774.44686415792,75427.37573623973,4747470.373333333
0.0,80014009.89042166,-30813068.1668773,5781.0559100785,2606837.59
29548291.0,80014009.89042166,57374314.544358,37271779.470277116,52227606.663333334
109862682.0,80014009.89042166,79216428.90706372,1187621.9599620993,80030976.55666667
114977104.0,80014009.89042166,99393828.34494817,29507464.042637687,119754870.67333333
0.0,80014009.89042166,5992356.123321474,7923.747093130898,1995351.4
0.0,80014009.89042166,-6782868.366253972,417159.6117197712,28071058.706666667
0.0,80014009.89042166,-27959919.475283787,109.30503896828503,1157187.9866666666
27610873.0,80014009.89042166,50351560.80720498,3708854.3506968357,41040650.95
0.0,80014009.89042166,22544023.8762182,0.6300066027909723,1287380.0
371876278.0,80014009.89042166,384172006.6642923,629090824.0266457,344953837.67333335
0.0,80014009.89042166,10666464.138617158,-0.9103320298623098,5500.8
0.0,80014009.89042166,-5810572.535335109,9295.881499731211,1542314.55
0.0,80014009.89042166,-13884161.755852565,2177.216859865008,311603.5833333333
0.0,80014009.89042166,54446204.73533247,99.36737320791535,8203850.386666667
96085477.0,80014009.89042166,128492627.03859136,69135822.84097618,131608226.53333333
675120017.0,80014009.89042166,771865222.0746473,1126992021.627391,834321148.6766666
6038942.0,80014009.89042166,32780794.132513076,3064885.3104412532,21004062.7
177259441.0,80014009.89042166,120700763.30025136,95062874.27464722,167088072.17
0.0,80014009.89042166,10839654.94921051,557294.1284959465,6573494.506666667
0.0,80014009.89042166,678360.3828023225,0.2752134573364823,115514.84
102308889.0,80014009.89042166,48156255.57604625,272768979.72040486,92796133.82333334
396600000.0,80014009.89042166,515973738.9616336,1012875953.8557189,590034356.7133334
115267375.0,80014009.89042166,138568793.4321485,71326717.98286109,159863980.67666668
66787908.0,80014009.89042166,66668850.66194307,7088835.490884408,55454588.35666667
2415472.0,80014009.89042166,-19846430.611431286,242163.74682582074,24652425.73666667
20796847.0,80014009.89042166,64049095.17426822,13818023.133253718,83362941.89
18000000.0,80014009.89042166,31144900.010969996,1164217.1494587718,34878358.903333336
7022209.0,80014009.89042166,26239454.008487634,1907003.693614771,18358324.52
0.0,80014009.89042166,-4339798.013260707,68.20423407489464,1095093.4866666666
521170825.0,80014009.89042166,380303145.8770642,685824245.8832482,325191711.87666667
75505856.0,80014009.89042166,105917648.63093041,121729044.91446434,176508141.94
0.0,80014009.89042166,-9975043.685673654,15.445104532586633,10452.963333333333
0.0,80014009.89042166,14339727.366252251,761.9127481666892,20340036.136666667
12299668.0,80014009.89042166,19975141.191568665,1924275.1530107362,10198700.95
106303988.0,80014009.89042166,91838746.69371454,4852985.64217955,72058897.80666667
469947.0,80014009.89042166,9820399.125762895,6738.11539693742,3847273.2533333334
125212904.0,80014009.89042166,132951659.47010513,319044964.13326484,121949254.49
40100000.0,80014009.89042166,61157599.25933802,4388202.65274383,49902314.03333333
0.0,80014009.89042166,4665163.2791187465,79.0388409471624,506082.95666666667
658573.0,80014009.89042166,-2290415.149294108,88.68512573009572,519656.86666666664
58405313.0,80014009.89042166,27220159.04745593,2082575.8340824095,17655517.856666666
0.0,80014009.89042166,17233974.586194158,2.8669057052978824,570057.3366666667
4270000.0,80014009.89042166,-2733540.341131404,287274.60919778235,14651502.216666667
0.0,80014009.89042166,1132361.93850784,12228.328057515562,4501446.99
960973999.9999994,80014009.89042166,793212084.1144384,606879834.0707048,721728189.6733333
0.0,80014009.89042166,57844400.18321678,1001942.1226040826,23142591.16
44000000.0,80014009.89042166,222466120.29031396,128455917.08451115,226652028.25
0.0,80014009.89042166,72226201.7003985,13852151.905993085,79884302.87333333
0.0,80014009.89042166,71343299.47447443,8980864.13746719,69923792.95
10667893.0,80014009.89042166,30796357.789170742,3798072.2716159318,33957929.79333334
0.0,80014009.89042166,-4132707.459234342,16961.70693283975,5349557.596666667
0.0,80014009.89042166,178164814.4615226,59857821.08469049,92572051.37666667
6928068.0,80014009.89042166,20269666.649730504,1766241.0649252278,31748747.143333334
25504513.0,80014009.89042166,100774714.72322592,90704749.42456326,76824075.55333333
83557872.0,80014009.89042166,196792661.05995095,73727109.4803177,121865588.26666667
95226116.0,80014009.89042166,87075451.4776238,11708660.320197068,67464197.58
0.0,80014009.89042166,6222301.028461397,-0.8054347212447789,30624.876666666667
191185897.0,80014009.89042166,112221449.50146827,43955328.172230735,137283608.24333334
12000000.0,80014009.89042166,-2225599.469455451,10400.437828788172,4240986.91
35168966.0,80014009.89042166,138333512.31617257,20558238.800054174,96649953.63
355692760.0,80014009.89042166,160551231.50275213,272471732.89516735,220989689.0
30471.0,80014009.89042166,28144145.15007528,10735880.283360666,43893749.39
368871007.0,80014009.89042166,353995774.90571964,269952781.0701007,372634987.3833333
334615000.0,80014009.89042166,446170827.4287482,1050807614.9201703,515603035.62333333
183018522.0,80014009.89042166,180795928.9415192,45076113.818895526,203018863.77666667
0.0,80014009.89042166,11900593.549787536,-0.9151961534190294,180145.21333333335
31554855.0,80014009.89042166,27739426.233266048,5250953.195413053,51068947.24666667
11.0,80014009.89042166,862253.0140424818,7.955539231722302,184912.31666666668
229094.0,80014009.89042166,5571752.28276819,566.1614655256155,14838732.096666666
39673162.0,80014009.89042166,133285530.84520805,34671269.43429754,105640390.49666667
109578115.0,80014009.89042166,303466947.5419126,79385017.04968564,267983049.21333334
13401952.0,80014009.89042166,-12756083.103152826,35909.40793964004,5008693.826666667
0.0,80014009.89042166,796568.235985741,40.81123257366432,574634.9933333333
85131830.0,80014009.89042166,214461095.82953852,7420187.775794977,205087389.34666666
18469680.0,80014009.89042166,35819617.4314509,1358439.1627235792,31102232.61
0.0,80014009.89042166,-15562451.123781323,-0.34881735049865015,116764.47666666667
619042.0,80014009.89042166,8806523.47859265,-0.4620487119029669,18507.133333333335
0.0,80014009.89042166,-19541894.978073716,-0.9620511921184223,2079.7233333333334
68267862.0,80014009.89042166,160061348.1672789,258973627.84877363,161771277.26
13092000.0,80014009.89042166,334635186.4131052,81123086.6188476,159107383.13333333
0.0,80014009.89042166,-11835435.72612834,-0.9836551137967,904.1733333333333
0.0,80014009.89042166,-31512081.8294328,51.90422718121251,5498597.923333333
0.0,80014009.89042166,-9132878.801445052,13.267382570879702,12796113.416666666
0.0,80014009.89042166,24214453.326734275,1415460.445252842,57832816.14333333
345141403.0,80014009.89042166,306099202.28333586,815945915.013736,280660773.51
0.0,80014009.89042166,-6895169.6010431945,45079.56333402537,1209813.3466666667
150962475.0,80014009.89042166,359748214.2006471,90562713.19091402,233127197.03333333
2636637.0,80014009.89042166,-2174977.705754176,248163.4302695177,19113036.433333334
0.0,80014009.89042166,-5872060.083733335,-0.9573715532559448,15402.24
101595121.0,80014009.89042166,98234609.65374424,7544877.359114578,52593449.623333335
8936663.0,80014009.89042166,24674312.583670184,257488.59691990685,10734155.093333334
64188367.0,80014009.89042166,63832740.1453059,4175839.133319422,75540152.05333333
29331068.0,80014009.89042166,25682948.54021149,1479055.0171474733,58012570.82666667
3878993.0,80014009.89042166,9679753.322694674,14795.045162265738,11778373.423333334
919838758.0,80014009.89042166,490589311.44000363,217799552.94013202,572105655.83
63372757.0,80014009.89042166,108160975.00459792,19062950.912481334,68239629.05333333
0.0,80014009.89042166,43681247.23563156,253058.948453497,14529729.656666666
12506188.0,80014009.89042166,57737823.24132055,772600.9971425578,39474447.20666666
92921203.0,80014009.89042166,40247654.45647318,9052653.567694258,60683955.943333335
127666415.0,80014009.89042166,86973464.4983544,21659228.281302392,85478035.51333334
0.0,80014009.89042166,112392524.217618,23151062.601298574,51183382.696666665
0.0,80014009.89042166,-26135461.15820664,643528.0975700936,17043888.793333333
0.0,80014009.89042166,17971983.980286077,288502.50045628287,18179451.243333332
0.0,80014009.89042166,100526453.27989772,4158695.955106445,40970951.03666667
0.0,80014009.89042166,-14369118.515023723,15819.851361896379,5552986.883333334
0.0,80014009.89042166,55300377.33720539,106.04581662394249,3526296.12
28200000.0,80014009.89042166,20852064.520054862,2532998.9383696015,16753909.926666666
0.0,80014009.89042166,11474129.487105727,578.0449030498917,14165085.393333333
9323833.0,80014009.89042166,46921153.65851632,835797.386780706,15547611.723333333
442824138.0,80014009.89042166,281208915.04999673,314225517.59116566,251232934.08
76578641.0,80014009.89042166,30259293.363516912,2685166.5919920406,101549822.12666667
140464664.0,80014009.89042166,169267592.5090134,162684882.12580982,200834657.84
169327687.0,80014009.89042166,314800759.0793807,67550500.1603857,251992600.76
93772522.0,80014009.89042166,39088215.94331026,973943.0890438592,32212474.8
24600832.0,80014009.89042166,60823172.0094447,10304651.5041383,74449037.05333333
15795189.0,80014009.89042166,12068458.347948119,504515.4094980488,13231617.03
127600435.0,80014009.89042166,108193203.67443517,22160834.43753486,108576987.21333334
0.0,80014009.89042166,22587191.778310776,400158.41172319656,18932788.22
293329073.0,80014009.89042166,282643206.0464463,1086820053.2292395,256213207.34666666
8279017.0,80014009.89042166,13292158.332562245,125581.03973738701,14107183.52
77516304.0,80014009.89042166,65060062.55250147,15671238.64810464,88238789.78666666
520000000.0,80014009.89042166,426954328.66727304,1535128942.5549765,589276127.8666667
190213455.0,80014009.89042166,147187044.69540626,86241092.15504071,134778187.19333333
742898.0,80014009.89042166,-14967108.604962572,41194.240484730384,4840123.036666667
72779000.0,80014009.89042166,131785466.92407008,5855778.529868886,62876644.02
57891803.0,80014009.89042166,59649935.3574313,2564857.8551976504,68887338.04666667
630161890.0,80014009.89042166,690514895.4255674,1107560350.3124144,650217527.39
0.0,80014009.89042166,38929938.37035255,38747.398638158375,18939377.026666667
0.0,80014009.89042166,-1187895.4044775963,19.983176012681643,262852.93666666665
318982.0,80014009.89042166,1846874.9460690618,966642.23554515,33768671.71333333
152500343.0,80014009.89042166,102641009.17226541,15532099.00816045,194123596.34
0.0,80014009.89042166,18986539.25481148,160101.67418229196,20184101.436666667
0.0,80014009.89042166,22086157.717840597,1361981.371794851,31474874.77
0.0,80014009.89042166,-9422789.809221596,1731.3903008294585,1088358.7933333332
78371200.0,80014009.89042166,248676047.10962778,157041850.13658693,122309406.60666667
709709780.0,80014009.89042166,467133896.3621844,511102579.8391085,654397047.9166666
0.0,80014009.89042166,-3703525.602418214,32.60667848442066,740352.3233333334
162944923.0,80014009.89042166,124963819.12967928,24965129.269269947,79468884.54666667
2527904.0,80014009.89042166,-197173.96136948466,4657074.001507787,42250432.556666665
0.0,80014009.89042166,41153038.81803314,3990.5573307726454,36642665.693333335
403170142.0,80014009.89042166,546505396.2789375,1581776821.9264052,465852168.8433333
7018189.0,80014009.89042166,-5087913.075236797,10690.191797614807,4096063.96
0.0,80014009.89042166,23701584.44706899,550144.6534336517,25578995.23666667
19478106.0,80014009.89042166,109430438.27133137,2728269.827882267,78929981.39333333
3220371.0,80014009.89042166,31262393.6167498,916581.0415454977,30528645.25
0.0,80014009.89042166,-20259652.67390074,13752.799650057832,901508.87
143695338.0,80014009.89042166,169933174.3918841,26631554.542683866,80872814.62666667
542307423.0,80014009.89042166,385347007.0236228,338111338.77635777,245593237.36333334
5684789.0,80014009.89042166,45106916.45601894,476386.70101905445,19725023.843333334
136159423.0,80014009.89042166,146731535.65188152,146036720.74980235,85728562.36666666
418961.0,80014009.89042166,-29204105.586051807,149085.23703329478,2969472.9566666665
68729358.0,80014009.89042166,55103700.02376819,21026370.423773263,63817830.82
111231041.0,80014009.89042166,133784999.25875896,22895353.305436857,93839452.48666666
0.0,80014009.89042166,21397624.097363055,518228.57836925646,35248440.406666666
25928721.0,80014009.89042166,79156614.95289564,831279.5883721994,25730625.07
1227324.0,80014009.89042166,-17397267.637716755,28151.69675778337,8048911.516666667
61648500.0,80014009.89042166,271968175.6722552,241511809.51896614,208002885.19666666
19693891.0,80014009.89042166,39114602.39908233,417932.18004564097,9280434.656666666
18755936.0,80014009.89042166,53709002.59621993,3894310.698901317,40902791.09
80916492.0,80014009.89042166,141316381.15173233,23644218.530175228,133684597.71666667
